<?xml version="1.0" encoding="UTF-8"?>
<project-private xmlns="http://www.netbeans.org/ns/project-private/1">
    <editor-bookmarks xmlns="http://www.netbeans.org/ns/editor-bookmarks/2" lastBookmarkId="0"/>
    <open-files xmlns="http://www.netbeans.org/ns/projectui-open-files/2">
        <group>
            <file>file:/D:/Schule/Git/school/181022_106_Pizzaservice_DecoratorPattern/src/java/beans/Margarita.java</file>
            <file>file:/D:/Schule/Git/school/181022_106_Pizzaservice_DecoratorPattern/web/jsp/PizzaAuswahl.jsp</file>
            <file>file:/D:/Schule/Git/school/181022_106_Pizzaservice_DecoratorPattern/web/jsp/PizzaBestellung.jsp</file>
            <file>file:/D:/Schule/Git/school/181022_106_Pizzaservice_DecoratorPattern/src/java/beans/PizzaZutaten.java</file>
            <file>file:/D:/Schule/Git/school/181022_106_Pizzaservice_DecoratorPattern/src/java/beans/SalamiPizza.java</file>
            <file>file:/D:/Schule/Git/school/181022_106_Pizzaservice_DecoratorPattern/src/java/beans/Lieferadresse.java</file>
            <file>file:/D:/Schule/Git/school/181022_106_Pizzaservice_DecoratorPattern/src/java/beans/Pizza.java</file>
            <file>file:/D:/Schule/Git/school/181022_106_Pizzaservice_DecoratorPattern/src/java/servlets/PizzaAuswahlServlet.java</file>
            <file>file:/D:/Schule/Git/school/181022_106_Pizzaservice_DecoratorPattern/src/java/beans/Cheese.java</file>
            <file>file:/D:/Schule/Git/school/181022_106_Pizzaservice_DecoratorPattern/src/java/beans/Tomatos.java</file>
        </group>
    </open-files>
</project-private>
