<?xml version="1.0" encoding="UTF-8"?>
<project-private xmlns="http://www.netbeans.org/ns/project-private/1">
    <editor-bookmarks xmlns="http://www.netbeans.org/ns/editor-bookmarks/2" lastBookmarkId="0"/>
    <open-files xmlns="http://www.netbeans.org/ns/projectui-open-files/2">
        <group>
            <file>file:/D:/Schule/Git/school/181112_StudentAdministration/src/java/bl/StudentBL.java</file>
            <file>file:/D:/Schule/Git/school/181112_StudentAdministration/web/jsp/StudentDispay.jsp</file>
            <file>file:/D:/Schule/Git/school/181112_StudentAdministration/web/res/students.csv</file>
            <file>file:/D:/Schule/Git/school/181112_StudentAdministration/src/java/beans/Student.java</file>
            <file>file:/D:/Schule/Git/school/181112_StudentAdministration/src/java/servlets/StudentAdmin.java</file>
        </group>
    </open-files>
</project-private>
