Klasse;Familienname;Vorname;2000-06-17
4AHMBA;BUCHGRABER;David;1999-10-02
4AHMBA;EIBINGER;Fabian;2000-04-07
4AHMBA;FINK;Markus;2000-11-20
4AHMBA;GROßSCHÄDL;Patrick;1999-10-29
4AHMBA;GROßSCHÄDL;Stefan;2000-05-13
4AHMBA;GSCHIER;Martin;2000-03-06
4AHMBA;HÖCK;Jakob;2000-10-12
4AHMBA;KEIMEL;Daniel;2000-02-13
4AHMBA;KONRAD;Lukas;2000-09-10
4AHMBA;KRENN;Sebastian;2001-01-10
4AHMBA;KRÖLL;Florian;2000-08-15
4AHMBA;LEITNER;Jan Peter;2000-11-27
4AHMBA;MADADI;Armin;2000-02-10
4AHMBA;MICHELIC;Florian;1999-12-28
4AHMBA;NEUMEISTER;Patrick;2000-03-12
4AHMBA;OBERER;Michael;2000-12-22
4AHMBA;PLATZER;Christian;2000-08-01
4AHMBA;PUNTIGAM;Pascal;2000-09-16
4AHMBA;PUNTIGAM;Wendelin;2000-08-11
4AHMBA;RIEFL;Christopher;2000-10-29
4AHMBA;RUBINIGG;Davide;2000-07-18
4AHMBA;SCHADEN;Christoph;2000-12-05
4AHMBA;SIMON;Christian;2000-07-27
4AHMBA;TRUMMER;Nico;2000-11-18
4AHMBA;URBANITSCH;Rainer;2000-08-06
4AHMBA;VOLLER;Lukas;2000-02-14
4AHMBA;ZACHARIAS;Patrick;2000-02-20
4AHME;BREITENTHALER;Lorenz;2001-01-27
4AHME;ENZI;Gert;2000-03-31
4AHME;FISCHER;Maximilian;2000-11-10
4AHME;GREBIEN;Markus;2000-08-24
4AHME;HOFER;Lara;2000-03-07
4AHME;HÖRMANN;Stefan;2001-01-10
4AHME;KAHR;Markus;2000-07-20
4AHME;KORRENN;Marwin Wito;1999-11-14
4AHME;MURKO;Anna;1999-10-29
4AHME;ORTHOFER;David;2000-07-15
4AHME;PERL;Nicolas Leon;2000-09-21
4AHME;SKOF;Jonas;2000-09-05
4AHME;SZAPACS;Simon;2000-06-08
4AHME;VEZONIK;Sarah;2000-01-10
4AHME;VOLLMAIER;Alois;2000-04-30
4AHME;WEGL;Patrick Josef;2000-03-19
4AHME;WESONIG;Mercedes;2000-12-22
4AHME;WINTER;Matthias;2000-04-06
4AHME;WINTER;Thomas;2000-09-19
4BHMBA;FUCHS;Jakob;2000-01-05
4BHMBA;GAISBERGER;Tobias;2000-07-03
4BHMBA;GUTMANN;Felix;2000-01-12
4BHMBA;HÖDL;Stefan;1999-11-08
4BHMBA;JERAJ;Alexander;2000-07-31
4BHMBA;KLEINHANSL;Thomas;2000-12-04
4BHMBA;KOHLFÜRST;Markus;2000-02-14
4BHMBA;KRAMPL;Armin;2000-02-29
4BHMBA;KROBATH;Mario;1999-12-19
4BHMBA;LACKNER;Matthias;2000-03-15
4BHMBA;LECHNER;Nino;2000-07-06
4BHMBA;MELLACHER;Marcel;2000-10-19
4BHMBA;PALLIER;Florian;2000-07-26
4BHMBA;SPACHINGER;Emilie;2000-09-17
4BHMBA;SUPPAN;Martin;1999-10-22
4BHMBA;TSCHUFFER;Florian;2001-01-03
4BHMBA;WAGNES;David;2000-09-16
4BHMBA;WEIßINGER;Florian;2000-09-25
4BHMBA;WOLFMAJER;Paul;2000-05-14
4BHMBA;ZOTTER;Christoph;2000-11-25
7AHIF;BECIREVIC;Mirela;2000-04-05
7AHIF;EREMIA;Melisa;2001-02-09
7AHIF;GRATZ;Michael;2000-08-28
7AHIF;HARING;Dominik;1999-10-23
7AHIF;HÖRMANN;Peter;2000-09-13
7AHIF;KLEEWEIN;Maximilian;2000-02-29
7AHIF;KOHLMAIER;Tobias;2000-07-26
7AHIF;KRANZELBINDER;Noah;2000-11-08
7AHIF;MATHIE;Maximilian;1999-10-02
7AHIF;SCHARFY;Niklas;1999-11-18
7AHIF;SCHMIDL;Dominik;2000-07-13
7AHIF;STANY;Johannes;2000-11-09
7AHIF;STELZL;Bernd;2000-01-06
7AHIF;TOMAZZONI;Matthias;2000-05-12
7AHIF;ZWANZGER;David;1999-10-21
7BHIF;FEIBEL;Sebastian;2000-06-06
7BHIF;FINK;Markus;2000-10-04
7BHIF;GAILBERGER;Marcel;2000-09-15
7BHIF;GARTLER;Florian;2000-11-28
7BHIF;GOLLOB;Sebastian;1999-12-20
7BHIF;HÖTZEL;David;2000-09-20
7BHIF;KRIEGL;Verena;2000-01-20
7BHIF;LAMBAUER;Florian;2000-05-11
7BHIF;LEIPOLD;Manuel;1999-11-23
7BHIF;MAUKO;Alex;2000-04-22
7BHIF;MUCAJ;Edon;2000-04-22
7BHIF;ROTHSCHÄDL;Manuel;2000-09-16
7BHIF;SCHANTL;Jan-Philipp;2000-04-22
7BHIF;SCHUSTER;Simon;1999-10-12
7BHIF;STANI;Sebastian;1999-11-26
7BHIF;TINNACHER;Michael;2000-10-05
7BHIF;WECHTITSCH;Tobias;2000-11-23
7BHIF;WOLF;Alexander;2000-02-29
7CHIF;FELLNER;Andreas;2000-05-27
7CHIF;FINA;Matthias;2000-10-28
7CHIF;GOLLNER;André;2000-07-19
7CHIF;GUTMANN;Christian;2000-03-08
7CHIF;HEIß;Bernhard Ernst;2000-05-08
7CHIF;HOLZMANN;Lukas;1999-11-05
7CHIF;KLAMINGER;Kerstin;1999-11-01
7CHIF;KLAMPFER;Christoph;2000-11-10
7CHIF;KOLENZ;Nicola Sebastian;2001-02-10
7CHIF;PEINSOLD;Luca;2000-07-01
7CHIF;PEßL;Gabriel;1999-11-26
7CHIF;PÖSCHL;Matthias;1999-11-12
7CHIF;PUSCAS;Emanuel René;2000-05-26
7CHIF;SCHEUCHER;Felix;2000-09-09
7CHIF;SCHWARZKOGLER;Matthäus;2000-06-20
7CHIF;SCHWEIGER;Mario;2000-05-18
7CHIF;SPARI;Marina;2000-09-01
7CHIF;SPIRK;Raphael;2000-10-22
7CHIF;TRUMMER;Kevin;1999-11-10
7CHIF;ULBING;Lukas;2000-08-15
7CHIF;ULZ;Michael;2000-11-19
7DHIF;ACHATZ;René;2001-01-26
7DHIF;BRUNNER;Florian;2000-04-03
7DHIF;ECKERT;Sebastian;1999-12-31
7DHIF;ECKHART;Georg;2000-11-21
7DHIF;FELLNER;Florian;2000-10-25
7DHIF;GOHARIPOUR;Kieyanusch;2000-03-04
7DHIF;GRUBER;Christoph;2000-01-02
7DHIF;GUTMANN;Michelle;2000-09-12
7DHIF;HRIBAR;Nico;2000-04-17
7DHIF;KLUG;Pascal;1999-10-31
7DHIF;KLUG;Stefan;2000-10-16
7DHIF;KNAPPITSCH;Jonas;2000-07-14
7DHIF;KRAUS;Oliver;2000-12-30
7DHIF;KRIEGL;Dominik;2000-09-19
7DHIF;KÜBEK;Simon;2000-08-25
7DHIF;LAFER;Bernd;2000-11-04
7DHIF;LARSEN;Alexander;2001-01-16
7DHIF;LEITNER;Felix;1999-10-12
7DHIF;MEINDL;Stefan;2000-02-17
7DHIF;MLATSCHNIK;Simon;1999-10-24
7DHIF;ORTNER;Stefan;2000-09-25
7DHIF;PANSI;Raphael;2000-09-04
7DHIF;PREßNITZ;Daniel;2000-09-23
7DHIF;SCHUSTER;Markus;2000-01-05
7DHIF;STEINBACHER;Michael;2000-04-24
7DHIF;TAUSENDSCHÖN;Tobias;1999-10-01
7DHIF;UNTERBERGER;Stefan;2000-06-24
7DHIF;WAGNER;René;2000-11-19
7DHIF;ZWEIDICK;Rene;2000-08-26
