<?xml version="1.0" encoding="UTF-8"?>
<project-private xmlns="http://www.netbeans.org/ns/project-private/1">
    <editor-bookmarks xmlns="http://www.netbeans.org/ns/editor-bookmarks/2" lastBookmarkId="0"/>
    <open-files xmlns="http://www.netbeans.org/ns/projectui-open-files/2">
        <group>
            <file>file:/D:/Schule/Git/school/181009_105_Pizzaservice/src/java/beans/Pizza.java</file>
            <file>file:/D:/Schule/Git/school/181009_105_Pizzaservice/web/res/pizzaData.csv</file>
            <file>file:/D:/Schule/Git/school/181009_105_Pizzaservice/web/jsp/PizzaAuswahl.jsp</file>
            <file>file:/D:/Schule/Git/school/181009_105_Pizzaservice/src/java/servlets/PizzaAuswahlServlet.java</file>
            <file>file:/D:/Schule/Git/school/181009_105_Pizzaservice/web/jsp/PizzaBestellung.jsp</file>
        </group>
    </open-files>
</project-private>
